REF_AREA,REF_AREA_LABEL,TIME_PERIOD,OBS_VALUE,UNIT_MEASURE_LABEL,INDICATOR_LABEL
AFG,Afghanistan,2020,36.2890774127896,Percentage of GDP,Imports of goods and services (% of GDP)
AFG,Afghanistan,2021,37.06956357719003,Percentage of GDP,Imports of goods and services (% of GDP)
AFG,Afghanistan,2022,54.50542720701614,Percentage of GDP,Imports of goods and services (% of GDP)
AFG,Afghanistan,2023,50.76429962025597,Percentage of GDP,Imports of goods and services (% of GDP)
AFG,Afghanistan,2024,68.06027323981985,Percentage of GDP,Imports of goods and services (% of GDP)
BGD,Bangladesh,2000,16.9775131339119,Percentage of GDP,Imports of goods and services (% of GDP)
BGD,Bangladesh,2001,18.71145786494678,Percentage of GDP,Imports of goods and services (% of GDP)
BGD,Bangladesh,2002,16.557411788962977,Percentage of GDP,Imports of goods and services (% of GDP)
BGD,Bangladesh,2003,16.226736204216692,Percentage of GDP,Imports of goods and services (% of GDP)
BGD,Bangladesh,2004,15.711725203107797,Percentage of GDP,Imports of goods and services (% of GDP)
BGD,Bangladesh,2005,20.00409296653672,Percentage of GDP,Imports of goods and services (% of GDP)
BGD,Bangladesh,2006,21.75846086730336,Percentage of GDP,Imports of goods and services (% of GDP)
BGD,Bangladesh,2007,22.947047806683052,Percentage of GDP,Imports of goods and services (% of GDP)
BGD,Bangladesh,2008,24.962055550483218,Percentage of GDP,Imports of goods and services (% of GDP)
BGD,Bangladesh,2009,23.15266331740966,Percentage of GDP,Imports of goods and services (% of GDP)
BGD,Bangladesh,2010,21.778729985140533,Percentage of GDP,Imports of goods and services (% of GDP)
BGD,Bangladesh,2011,27.49877488019595,Percentage of GDP,Imports of goods and services (% of GDP)
BGD,Bangladesh,2012,27.94933388498424,Percentage of GDP,Imports of goods and services (% of GDP)
BGD,Bangladesh,2013,26.758528612937553,Percentage of GDP,Imports of goods and services (% of GDP)
BGD,Bangladesh,2014,25.524420201798886,Percentage of GDP,Imports of goods and services (% of GDP)
BGD,Bangladesh,2015,24.749322520489645,Percentage of GDP,Imports of goods and services (% of GDP)
BGD,Bangladesh,2016,17.412945653168283,Percentage of GDP,Imports of goods and services (% of GDP)
BGD,Bangladesh,2017,17.179983781834,Percentage of GDP,Imports of goods and services (% of GDP)
BGD,Bangladesh,2018,19.839843779749238,Percentage of GDP,Imports of goods and services (% of GDP)
BGD,Bangladesh,2019,18.483297155936523,Percentage of GDP,Imports of goods and services (% of GDP)
BGD,Bangladesh,2020,15.828659314611269,Percentage of GDP,Imports of goods and services (% of GDP)
BGD,Bangladesh,2021,17.061225803249734,Percentage of GDP,Imports of goods and services (% of GDP)
BGD,Bangladesh,2022,20.897740835674973,Percentage of GDP,Imports of goods and services (% of GDP)
BGD,Bangladesh,2023,17.825807576339198,Percentage of GDP,Imports of goods and services (% of GDP)
BGD,Bangladesh,2024,16.316887974876217,Percentage of GDP,Imports of goods and services (% of GDP)
BRN,Brunei Darussalam,2000,30.085036851485658,Percentage of GDP,Imports of goods and services (% of GDP)
BRN,Brunei Darussalam,2001,33.17021621867825,Percentage of GDP,Imports of goods and services (% of GDP)
BRN,Brunei Darussalam,2002,36.560207511463325,Percentage of GDP,Imports of goods and services (% of GDP)
BRN,Brunei Darussalam,2003,30.664727467109458,Percentage of GDP,Imports of goods and services (% of GDP)
BRN,Brunei Darussalam,2004,27.115981544492264,Percentage of GDP,Imports of goods and services (% of GDP)
BRN,Brunei Darussalam,2005,23.04830747519683,Percentage of GDP,Imports of goods and services (% of GDP)
BRN,Brunei Darussalam,2006,21.410382844326858,Percentage of GDP,Imports of goods and services (% of GDP)
BRN,Brunei Darussalam,2007,24.04730056111762,Percentage of GDP,Imports of goods and services (% of GDP)
BRN,Brunei Darussalam,2008,23.802284550073143,Percentage of GDP,Imports of goods and services (% of GDP)
BRN,Brunei Darussalam,2009,30.583483343649497,Percentage of GDP,Imports of goods and services (% of GDP)
BRN,Brunei Darussalam,2010,27.96329378443449,Percentage of GDP,Imports of goods and services (% of GDP)
BRN,Brunei Darussalam,2011,30.03158813925954,Percentage of GDP,Imports of goods and services (% of GDP)
BRN,Brunei Darussalam,2012,35.48117114802935,Percentage of GDP,Imports of goods and services (% of GDP)
BRN,Brunei Darussalam,2013,42.895481806135436,Percentage of GDP,Imports of goods and services (% of GDP)
BRN,Brunei Darussalam,2014,34.24389911457532,Percentage of GDP,Imports of goods and services (% of GDP)
BRN,Brunei Darussalam,2015,37.68317702466476,Percentage of GDP,Imports of goods and services (% of GDP)
BRN,Brunei Darussalam,2016,37.742023953392675,Percentage of GDP,Imports of goods and services (% of GDP)
BRN,Brunei Darussalam,2017,35.60355390398863,Percentage of GDP,Imports of goods and services (% of GDP)
BRN,Brunei Darussalam,2018,41.964821980059135,Percentage of GDP,Imports of goods and services (% of GDP)
BRN,Brunei Darussalam,2019,50.56361781985063,Percentage of GDP,Imports of goods and services (% of GDP)
BRN,Brunei Darussalam,2020,52.93489224246415,Percentage of GDP,Imports of goods and services (% of GDP)
BRN,Brunei Darussalam,2021,66.95420156686409,Percentage of GDP,Imports of goods and services (% of GDP)
BRN,Brunei Darussalam,2022,60.58460899591258,Percentage of GDP,Imports of goods and services (% of GDP)
BRN,Brunei Darussalam,2023,60.16023216995927,Percentage of GDP,Imports of goods and services (% of GDP)
BRN,Brunei Darussalam,2024,58.316697717457565,Percentage of GDP,Imports of goods and services (% of GDP)
BTN,Bhutan,2000,46.025085951365064,Percentage of GDP,Imports of goods and services (% of GDP)
BTN,Bhutan,2001,45.85286097140443,Percentage of GDP,Imports of goods and services (% of GDP)
BTN,Bhutan,2002,47.363085238580986,Percentage of GDP,Imports of goods and services (% of GDP)
BTN,Bhutan,2003,48.49306124617658,Percentage of GDP,Imports of goods and services (% of GDP)
BTN,Bhutan,2004,59.40871163801806,Percentage of GDP,Imports of goods and services (% of GDP)
BTN,Bhutan,2005,61.339019246589224,Percentage of GDP,Imports of goods and services (% of GDP)
BTN,Bhutan,2006,56.34486457946031,Percentage of GDP,Imports of goods and services (% of GDP)
BTN,Bhutan,2007,54.57189544957731,Percentage of GDP,Imports of goods and services (% of GDP)
BTN,Bhutan,2008,55.35525836441829,Percentage of GDP,Imports of goods and services (% of GDP)
BTN,Bhutan,2009,59.093118477404246,Percentage of GDP,Imports of goods and services (% of GDP)
BTN,Bhutan,2010,65.623621455957,Percentage of GDP,Imports of goods and services (% of GDP)
BTN,Bhutan,2011,64.8723983474244,Percentage of GDP,Imports of goods and services (% of GDP)
BTN,Bhutan,2012,58.25691736033911,Percentage of GDP,Imports of goods and services (% of GDP)
BTN,Bhutan,2013,57.618172334879034,Percentage of GDP,Imports of goods and services (% of GDP)
BTN,Bhutan,2014,53.744914794486306,Percentage of GDP,Imports of goods and services (% of GDP)
BTN,Bhutan,2015,58.103069455049194,Percentage of GDP,Imports of goods and services (% of GDP)
BTN,Bhutan,2016,49.26191893659808,Percentage of GDP,Imports of goods and services (% of GDP)
BTN,Bhutan,2017,48.34199366178437,Percentage of GDP,Imports of goods and services (% of GDP)
BTN,Bhutan,2018,50.55000113653503,Percentage of GDP,Imports of goods and services (% of GDP)
BTN,Bhutan,2019,44.66601344239075,Percentage of GDP,Imports of goods and services (% of GDP)
BTN,Bhutan,2020,43.76471552501346,Percentage of GDP,Imports of goods and services (% of GDP)
BTN,Bhutan,2021,48.38370757852885,Percentage of GDP,Imports of goods and services (% of GDP)
BTN,Bhutan,2022,60.07237656382627,Percentage of GDP,Imports of goods and services (% of GDP)
BTN,Bhutan,2023,53.34851995641531,Percentage of GDP,Imports of goods and services (% of GDP)
BTN,Bhutan,2024,47.86768155311824,Percentage of GDP,Imports of goods and services (% of GDP)
IDN,Indonesia,2000,30.4595674435027,Percentage of GDP,Imports of goods and services (% of GDP)
IDN,Indonesia,2001,30.761068430112697,Percentage of GDP,Imports of goods and services (% of GDP)
IDN,Indonesia,2002,26.39184087853478,Percentage of GDP,Imports of goods and services (% of GDP)
IDN,Indonesia,2003,23.138838966335474,Percentage of GDP,Imports of goods and services (% of GDP)
IDN,Indonesia,2004,27.54460021843117,Percentage of GDP,Imports of goods and services (% of GDP)
IDN,Indonesia,2005,29.920668240864273,Percentage of GDP,Imports of goods and services (% of GDP)
IDN,Indonesia,2006,25.622410500570076,Percentage of GDP,Imports of goods and services (% of GDP)
IDN,Indonesia,2007,25.393531493081106,Percentage of GDP,Imports of goods and services (% of GDP)
IDN,Indonesia,2008,28.753115463922885,Percentage of GDP,Imports of goods and services (% of GDP)
IDN,Indonesia,2009,21.35300170007748,Percentage of GDP,Imports of goods and services (% of GDP)
IDN,Indonesia,2010,22.402242939232924,Percentage of GDP,Imports of goods and services (% of GDP)
IDN,Indonesia,2011,23.852660095226774,Percentage of GDP,Imports of goods and services (% of GDP)
IDN,Indonesia,2012,24.988519511085833,Percentage of GDP,Imports of goods and services (% of GDP)
IDN,Indonesia,2013,24.713796295928802,Percentage of GDP,Imports of goods and services (% of GDP)
IDN,Indonesia,2014,24.41419098858603,Percentage of GDP,Imports of goods and services (% of GDP)
IDN,Indonesia,2015,20.777460981723518,Percentage of GDP,Imports of goods and services (% of GDP)
IDN,Indonesia,2016,18.33234794866538,Percentage of GDP,Imports of goods and services (% of GDP)
IDN,Indonesia,2017,19.178192635349987,Percentage of GDP,Imports of goods and services (% of GDP)
IDN,Indonesia,2018,22.0715624579547,Percentage of GDP,Imports of goods and services (% of GDP)
IDN,Indonesia,2019,19.036249738622523,Percentage of GDP,Imports of goods and services (% of GDP)
IDN,Indonesia,2020,15.641007115350442,Percentage of GDP,Imports of goods and services (% of GDP)
IDN,Indonesia,2021,18.788202635901825,Percentage of GDP,Imports of goods and services (% of GDP)
IDN,Indonesia,2022,20.96175850966211,Percentage of GDP,Imports of goods and services (% of GDP)
IDN,Indonesia,2023,19.6519133249671,Percentage of GDP,Imports of goods and services (% of GDP)
IDN,Indonesia,2024,20.50028910056144,Percentage of GDP,Imports of goods and services (% of GDP)
IND,India,2000,13.903686599099501,Percentage of GDP,Imports of goods and services (% of GDP)
IND,India,2001,13.434875119525744,Percentage of GDP,Imports of goods and services (% of GDP)
IND,India,2002,15.24427901074666,Percentage of GDP,Imports of goods and services (% of GDP)
IND,India,2003,15.644522274734577,Percentage of GDP,Imports of goods and services (% of GDP)
IND,India,2004,19.6446890963991,Percentage of GDP,Imports of goods and services (% of GDP)
IND,India,2005,22.396422920035626,Percentage of GDP,Imports of goods and services (% of GDP)
IND,India,2006,24.45653907706868,Percentage of GDP,Imports of goods and services (% of GDP)
IND,India,2007,24.886568930444756,Percentage of GDP,Imports of goods and services (% of GDP)
IND,India,2008,29.270863179083523,Percentage of GDP,Imports of goods and services (% of GDP)
IND,India,2009,25.872350268527367,Percentage of GDP,Imports of goods and services (% of GDP)
IND,India,2010,26.85427324862164,Percentage of GDP,Imports of goods and services (% of GDP)
IND,India,2011,31.083468693958476,Percentage of GDP,Imports of goods and services (% of GDP)
IND,India,2012,31.259291067333162,Percentage of GDP,Imports of goods and services (% of GDP)
IND,India,2013,28.413270646158683,Percentage of GDP,Imports of goods and services (% of GDP)
IND,India,2014,25.954222738949667,Percentage of GDP,Imports of goods and services (% of GDP)
IND,India,2015,22.109724709460167,Percentage of GDP,Imports of goods and services (% of GDP)
IND,India,2016,20.9242508026814,Percentage of GDP,Imports of goods and services (% of GDP)
IND,India,2017,21.9507321152243,Percentage of GDP,Imports of goods and services (% of GDP)
IND,India,2018,23.689140733532724,Percentage of GDP,Imports of goods and services (% of GDP)
IND,India,2019,21.24113863338716,Percentage of GDP,Imports of goods and services (% of GDP)
IND,India,2020,19.07562839960119,Percentage of GDP,Imports of goods and services (% of GDP)
IND,India,2021,24.023930453493126,Percentage of GDP,Imports of goods and services (% of GDP)
IND,India,2022,26.657766639208596,Percentage of GDP,Imports of goods and services (% of GDP)
IND,India,2023,23.968150091500824,Percentage of GDP,Imports of goods and services (% of GDP)
IND,India,2024,23.852709132434917,Percentage of GDP,Imports of goods and services (% of GDP)
KHM,Cambodia,2000,61.09222503304061,Percentage of GDP,Imports of goods and services (% of GDP)
KHM,Cambodia,2001,60.59196604270447,Percentage of GDP,Imports of goods and services (% of GDP)
KHM,Cambodia,2002,64.0806115959488,Percentage of GDP,Imports of goods and services (% of GDP)
KHM,Cambodia,2003,65.84634507595803,Percentage of GDP,Imports of goods and services (% of GDP)
KHM,Cambodia,2004,70.5331236862783,Percentage of GDP,Imports of goods and services (% of GDP)
KHM,Cambodia,2005,72.51204891032963,Percentage of GDP,Imports of goods and services (% of GDP)
KHM,Cambodia,2006,75.67640498721552,Percentage of GDP,Imports of goods and services (% of GDP)
KHM,Cambodia,2007,72.5634368325363,Percentage of GDP,Imports of goods and services (% of GDP)
KHM,Cambodia,2008,68.61472499417704,Percentage of GDP,Imports of goods and services (% of GDP)
KHM,Cambodia,2009,56.076954006540625,Percentage of GDP,Imports of goods and services (% of GDP)
KHM,Cambodia,2010,59.771857753706236,Percentage of GDP,Imports of goods and services (% of GDP)
KHM,Cambodia,2011,59.86932790246138,Percentage of GDP,Imports of goods and services (% of GDP)
KHM,Cambodia,2012,63.455230831660295,Percentage of GDP,Imports of goods and services (% of GDP)
KHM,Cambodia,2013,68.26698699411465,Percentage of GDP,Imports of goods and services (% of GDP)
KHM,Cambodia,2014,67.82536049700579,Percentage of GDP,Imports of goods and services (% of GDP)
KHM,Cambodia,2015,66.12837650297456,Percentage of GDP,Imports of goods and services (% of GDP)
KHM,Cambodia,2016,66.27271788084374,Percentage of GDP,Imports of goods and services (% of GDP)
KHM,Cambodia,2017,64.85539762659837,Percentage of GDP,Imports of goods and services (% of GDP)
KHM,Cambodia,2018,62.966258056428806,Percentage of GDP,Imports of goods and services (% of GDP)
KHM,Cambodia,2019,60.28981109953595,Percentage of GDP,Imports of goods and services (% of GDP)
KHM,Cambodia,2020,62.18359840560753,Percentage of GDP,Imports of goods and services (% of GDP)
KHM,Cambodia,2021,73.81881186616462,Percentage of GDP,Imports of goods and services (% of GDP)
KHM,Cambodia,2022,73.6665720833071,Percentage of GDP,Imports of goods and services (% of GDP)
KHM,Cambodia,2023,67.31417634071357,Percentage of GDP,Imports of goods and services (% of GDP)
KHM,Cambodia,2024,72.0834255374222,Percentage of GDP,Imports of goods and services (% of GDP)
LAO,Lao PDR,2000,38.17529776622401,Percentage of GDP,Imports of goods and services (% of GDP)
LAO,Lao PDR,2001,38.026278006343226,Percentage of GDP,Imports of goods and services (% of GDP)
LAO,Lao PDR,2002,38.5023881880757,Percentage of GDP,Imports of goods and services (% of GDP)
LAO,Lao PDR,2003,37.071662720009144,Percentage of GDP,Imports of goods and services (% of GDP)
LAO,Lao PDR,2004,41.16762905712223,Percentage of GDP,Imports of goods and services (% of GDP)
LAO,Lao PDR,2005,42.8289105517785,Percentage of GDP,Imports of goods and services (% of GDP)
LAO,Lao PDR,2006,43.80629789322417,Percentage of GDP,Imports of goods and services (% of GDP)
LAO,Lao PDR,2007,45.598315820663345,Percentage of GDP,Imports of goods and services (% of GDP)
LAO,Lao PDR,2008,48.695101619044955,Percentage of GDP,Imports of goods and services (% of GDP)
LAO,Lao PDR,2009,46.84775654400876,Percentage of GDP,Imports of goods and services (% of GDP)
LAO,Lao PDR,2010,49.3363118537116,Percentage of GDP,Imports of goods and services (% of GDP)
LAO,Lao PDR,2011,51.355539770339995,Percentage of GDP,Imports of goods and services (% of GDP)
LAO,Lao PDR,2012,60.30839808119032,Percentage of GDP,Imports of goods and services (% of GDP)
LAO,Lao PDR,2013,60.00604321765996,Percentage of GDP,Imports of goods and services (% of GDP)
LAO,Lao PDR,2014,58.30519164219026,Percentage of GDP,Imports of goods and services (% of GDP)
LAO,Lao PDR,2015,51.84606439549005,Percentage of GDP,Imports of goods and services (% of GDP)
LAO,Lao PDR,2016,41.88246346429041,Percentage of GDP,Imports of goods and services (% of GDP)
LKA,Sri Lanka,2000,49.62074081848802,Percentage of GDP,Imports of goods and services (% of GDP)
LKA,Sri Lanka,2001,43.56741305586622,Percentage of GDP,Imports of goods and services (% of GDP)
LKA,Sri Lanka,2002,41.42180158481811,Percentage of GDP,Imports of goods and services (% of GDP)
LKA,Sri Lanka,2003,40.68274449812013,Percentage of GDP,Imports of goods and services (% of GDP)
LKA,Sri Lanka,2004,44.15204216867758,Percentage of GDP,Imports of goods and services (% of GDP)
LKA,Sri Lanka,2005,41.26709997056403,Percentage of GDP,Imports of goods and services (% of GDP)
LKA,Sri Lanka,2006,41.132651394503654,Percentage of GDP,Imports of goods and services (% of GDP)
LKA,Sri Lanka,2007,39.491511973102995,Percentage of GDP,Imports of goods and services (% of GDP)
LKA,Sri Lanka,2008,38.52755650940149,Percentage of GDP,Imports of goods and services (% of GDP)
LKA,Sri Lanka,2009,27.820775287040515,Percentage of GDP,Imports of goods and services (% of GDP)
LKA,Sri Lanka,2015,27.024586988402856,Percentage of GDP,Imports of goods and services (% of GDP)
LKA,Sri Lanka,2016,26.647500982408122,Percentage of GDP,Imports of goods and services (% of GDP)
LKA,Sri Lanka,2017,26.91620976415589,Percentage of GDP,Imports of goods and services (% of GDP)
LKA,Sri Lanka,2018,28.36314813749734,Percentage of GDP,Imports of goods and services (% of GDP)
LKA,Sri Lanka,2019,27.601992960644413,Percentage of GDP,Imports of goods and services (% of GDP)
LKA,Sri Lanka,2020,21.63147893978361,Percentage of GDP,Imports of goods and services (% of GDP)
LKA,Sri Lanka,2021,24.30742473971822,Percentage of GDP,Imports of goods and services (% of GDP)
LKA,Sri Lanka,2022,25.123045556645568,Percentage of GDP,Imports of goods and services (% of GDP)
LKA,Sri Lanka,2023,22.748139752302208,Percentage of GDP,Imports of goods and services (% of GDP)
LKA,Sri Lanka,2024,22.36363241929215,Percentage of GDP,Imports of goods and services (% of GDP)
MDV,Maldives,2014,74.6851237568163,Percentage of GDP,Imports of goods and services (% of GDP)
MDV,Maldives,2015,67.2927178888456,Percentage of GDP,Imports of goods and services (% of GDP)
MDV,Maldives,2016,72.76657914882223,Percentage of GDP,Imports of goods and services (% of GDP)
MDV,Maldives,2017,72.85266212641453,Percentage of GDP,Imports of goods and services (% of GDP)
MDV,Maldives,2018,76.04282789859114,Percentage of GDP,Imports of goods and services (% of GDP)
MDV,Maldives,2019,71.61181293517572,Percentage of GDP,Imports of goods and services (% of GDP)
MDV,Maldives,2020,66.1207032743183,Percentage of GDP,Imports of goods and services (% of GDP)
MDV,Maldives,2021,66.50831153380369,Percentage of GDP,Imports of goods and services (% of GDP)
MDV,Maldives,2022,79.57257737335223,Percentage of GDP,Imports of goods and services (% of GDP)
MDV,Maldives,2023,75.30620691132287,Percentage of GDP,Imports of goods and services (% of GDP)
MDV,Maldives,2024,78.25973920017614,Percentage of GDP,Imports of goods and services (% of GDP)
MYS,Malaysia,2000,100.5970802551059,Percentage of GDP,Imports of goods and services (% of GDP)
MYS,Malaysia,2001,92.9621446541059,Percentage of GDP,Imports of goods and services (% of GDP)
MYS,Malaysia,2002,91.05092990060358,Percentage of GDP,Imports of goods and services (% of GDP)
MYS,Malaysia,2003,87.2516829087158,Percentage of GDP,Imports of goods and services (% of GDP)
MYS,Malaysia,2004,95.00092817604968,Percentage of GDP,Imports of goods and services (% of GDP)
MYS,Malaysia,2005,90.95566781584243,Percentage of GDP,Imports of goods and services (% of GDP)
MYS,Malaysia,2006,90.39166599640741,Percentage of GDP,Imports of goods and services (% of GDP)
MYS,Malaysia,2007,86.29723149066642,Percentage of GDP,Imports of goods and services (% of GDP)
MYS,Malaysia,2008,77.1687475404215,Percentage of GDP,Imports of goods and services (% of GDP)
MYS,Malaysia,2009,71.14217858560693,Percentage of GDP,Imports of goods and services (% of GDP)
MYS,Malaysia,2010,71.01446981741685,Percentage of GDP,Imports of goods and services (% of GDP)
MYS,Malaysia,2011,69.68224249862625,Percentage of GDP,Imports of goods and services (% of GDP)
MYS,Malaysia,2012,68.54184084048218,Percentage of GDP,Imports of goods and services (% of GDP)
MYS,Malaysia,2013,67.09195043461017,Percentage of GDP,Imports of goods and services (% of GDP)
MYS,Malaysia,2014,64.51873255106679,Percentage of GDP,Imports of goods and services (% of GDP)
MYS,Malaysia,2015,61.921381548184364,Percentage of GDP,Imports of goods and services (% of GDP)
MYS,Malaysia,2016,60.12356457144907,Percentage of GDP,Imports of goods and services (% of GDP)
MYS,Malaysia,2017,63.14343086335914,Percentage of GDP,Imports of goods and services (% of GDP)
MYS,Malaysia,2018,61.847654082440286,Percentage of GDP,Imports of goods and services (% of GDP)
MYS,Malaysia,2019,57.75079518508534,Percentage of GDP,Imports of goods and services (% of GDP)
MYS,Malaysia,2020,55.21024653220354,Percentage of GDP,Imports of goods and services (% of GDP)
MYS,Malaysia,2021,63.402939141392864,Percentage of GDP,Imports of goods and services (% of GDP)
MYS,Malaysia,2022,69.61680727132313,Percentage of GDP,Imports of goods and services (% of GDP)
MYS,Malaysia,2023,63.914508076282594,Percentage of GDP,Imports of goods and services (% of GDP)
MYS,Malaysia,2024,66.02148617856822,Percentage of GDP,Imports of goods and services (% of GDP)
NPL,Nepal,2000,32.426585293869636,Percentage of GDP,Imports of goods and services (% of GDP)
NPL,Nepal,2001,33.239147361423996,Percentage of GDP,Imports of goods and services (% of GDP)
NPL,Nepal,2002,28.493588976216856,Percentage of GDP,Imports of goods and services (% of GDP)
NPL,Nepal,2003,28.548019121103707,Percentage of GDP,Imports of goods and services (% of GDP)
NPL,Nepal,2004,29.464591457087018,Percentage of GDP,Imports of goods and services (% of GDP)
NPL,Nepal,2005,29.479260686921883,Percentage of GDP,Imports of goods and services (% of GDP)
NPL,Nepal,2006,31.315396799187873,Percentage of GDP,Imports of goods and services (% of GDP)
NPL,Nepal,2007,31.723610143619297,Percentage of GDP,Imports of goods and services (% of GDP)
NPL,Nepal,2008,33.260386093191016,Percentage of GDP,Imports of goods and services (% of GDP)
NPL,Nepal,2009,34.660093577476644,Percentage of GDP,Imports of goods and services (% of GDP)
NPL,Nepal,2010,36.402369602288445,Percentage of GDP,Imports of goods and services (% of GDP)
NPL,Nepal,2011,28.49062321025311,Percentage of GDP,Imports of goods and services (% of GDP)
NPL,Nepal,2012,29.171614771542277,Percentage of GDP,Imports of goods and services (% of GDP)
NPL,Nepal,2013,32.57071706005769,Percentage of GDP,Imports of goods and services (% of GDP)
NPL,Nepal,2014,35.85859949343772,Percentage of GDP,Imports of goods and services (% of GDP)
NPL,Nepal,2015,36.45114179650127,Percentage of GDP,Imports of goods and services (% of GDP)
NPL,Nepal,2016,33.935908082502245,Percentage of GDP,Imports of goods and services (% of GDP)
NPL,Nepal,2017,36.830221966205336,Percentage of GDP,Imports of goods and services (% of GDP)
NPL,Nepal,2018,40.63174592417887,Percentage of GDP,Imports of goods and services (% of GDP)
NPL,Nepal,2019,41.469590112450064,Percentage of GDP,Imports of goods and services (% of GDP)
NPL,Nepal,2020,34.113575769472114,Percentage of GDP,Imports of goods and services (% of GDP)
NPL,Nepal,2021,37.934633306395874,Percentage of GDP,Imports of goods and services (% of GDP)
NPL,Nepal,2022,42.271010614780046,Percentage of GDP,Imports of goods and services (% of GDP)
NPL,Nepal,2023,34.56418301238538,Percentage of GDP,Imports of goods and services (% of GDP)
NPL,Nepal,2024,32.615776690958796,Percentage of GDP,Imports of goods and services (% of GDP)
PAK,Pakistan,2000,11.830338172859465,Percentage of GDP,Imports of goods and services (% of GDP)
PAK,Pakistan,2001,12.951035056784063,Percentage of GDP,Imports of goods and services (% of GDP)
PAK,Pakistan,2002,11.866049059124165,Percentage of GDP,Imports of goods and services (% of GDP)
PAK,Pakistan,2003,12.48551461430156,Percentage of GDP,Imports of goods and services (% of GDP)
PAK,Pakistan,2004,13.38536450171945,Percentage of GDP,Imports of goods and services (% of GDP)
PAK,Pakistan,2005,17.62665230286593,Percentage of GDP,Imports of goods and services (% of GDP)
PAK,Pakistan,2006,20.500772740681214,Percentage of GDP,Imports of goods and services (% of GDP)
PAK,Pakistan,2007,19.162804872008184,Percentage of GDP,Imports of goods and services (% of GDP)
PAK,Pakistan,2008,22.47314553290412,Percentage of GDP,Imports of goods and services (% of GDP)
PAK,Pakistan,2009,20.935899080968444,Percentage of GDP,Imports of goods and services (% of GDP)
PAK,Pakistan,2010,19.351777486936786,Percentage of GDP,Imports of goods and services (% of GDP)
PAK,Pakistan,2011,18.880083413422092,Percentage of GDP,Imports of goods and services (% of GDP)
PAK,Pakistan,2012,19.445009128683832,Percentage of GDP,Imports of goods and services (% of GDP)
PAK,Pakistan,2013,18.712775136114747,Percentage of GDP,Imports of goods and services (% of GDP)
PAK,Pakistan,2014,18.27485394778519,Percentage of GDP,Imports of goods and services (% of GDP)
PAK,Pakistan,2015,16.713615065984317,Percentage of GDP,Imports of goods and services (% of GDP)
PAK,Pakistan,2016,15.964861656891639,Percentage of GDP,Imports of goods and services (% of GDP)
PAK,Pakistan,2017,17.250423658388385,Percentage of GDP,Imports of goods and services (% of GDP)
PAK,Pakistan,2018,19.044257474072978,Percentage of GDP,Imports of goods and services (% of GDP)
PAK,Pakistan,2019,19.514713448100533,Percentage of GDP,Imports of goods and services (% of GDP)
PAK,Pakistan,2020,17.41772129053412,Percentage of GDP,Imports of goods and services (% of GDP)
PAK,Pakistan,2021,17.978820523772875,Percentage of GDP,Imports of goods and services (% of GDP)
PAK,Pakistan,2022,22.49076320592792,Percentage of GDP,Imports of goods and services (% of GDP)
PAK,Pakistan,2023,17.97373379582725,Percentage of GDP,Imports of goods and services (% of GDP)
PAK,Pakistan,2024,17.179827777478305,Percentage of GDP,Imports of goods and services (% of GDP)
PHL,Philippines,2000,41.80914923598203,Percentage of GDP,Imports of goods and services (% of GDP)
PHL,Philippines,2001,43.74488711629842,Percentage of GDP,Imports of goods and services (% of GDP)
PHL,Philippines,2002,43.83912414975001,Percentage of GDP,Imports of goods and services (% of GDP)
PHL,Philippines,2003,45.269625992392385,Percentage of GDP,Imports of goods and services (% of GDP)
PHL,Philippines,2004,45.29844383240489,Percentage of GDP,Imports of goods and services (% of GDP)
PHL,Philippines,2005,42.61563535490968,Percentage of GDP,Imports of goods and services (% of GDP)
PHL,Philippines,2006,39.60507930236908,Percentage of GDP,Imports of goods and services (% of GDP)
PHL,Philippines,2007,35.630793654255314,Percentage of GDP,Imports of goods and services (% of GDP)
PHL,Philippines,2008,34.32423752930091,Percentage of GDP,Imports of goods and services (% of GDP)
PHL,Philippines,2009,30.667065187386683,Percentage of GDP,Imports of goods and services (% of GDP)
PHL,Philippines,2010,33.229448794211876,Percentage of GDP,Imports of goods and services (% of GDP)
PHL,Philippines,2011,31.690407821767007,Percentage of GDP,Imports of goods and services (% of GDP)
PHL,Philippines,2012,30.374931655584835,Percentage of GDP,Imports of goods and services (% of GDP)
PHL,Philippines,2013,29.64736142302914,Percentage of GDP,Imports of goods and services (% of GDP)
PHL,Philippines,2014,30.113667896666012,Percentage of GDP,Imports of goods and services (% of GDP)
PHL,Philippines,2015,31.933534866264278,Percentage of GDP,Imports of goods and services (% of GDP)
PHL,Philippines,2016,35.10306242187135,Percentage of GDP,Imports of goods and services (% of GDP)
PHL,Philippines,2017,38.616078888003514,Percentage of GDP,Imports of goods and services (% of GDP)
PHL,Philippines,2018,41.94979292569984,Percentage of GDP,Imports of goods and services (% of GDP)
PHL,Philippines,2019,40.458922246928516,Percentage of GDP,Imports of goods and services (% of GDP)
PHL,Philippines,2020,32.96672099202499,Percentage of GDP,Imports of goods and services (% of GDP)
PHL,Philippines,2021,37.73257489765249,Percentage of GDP,Imports of goods and services (% of GDP)
PHL,Philippines,2022,44.04228206496602,Percentage of GDP,Imports of goods and services (% of GDP)
PHL,Philippines,2023,40.78311997010216,Percentage of GDP,Imports of goods and services (% of GDP)
PHL,Philippines,2024,40.12680772992356,Percentage of GDP,Imports of goods and services (% of GDP)
SGP,Singapore,2000,176.01363018346652,Percentage of GDP,Imports of goods and services (% of GDP)
SGP,Singapore,2001,166.39792498520688,Percentage of GDP,Imports of goods and services (% of GDP)
SGP,Singapore,2002,165.6598959191445,Percentage of GDP,Imports of goods and services (% of GDP)
SGP,Singapore,2003,174.63235791177766,Percentage of GDP,Imports of goods and services (% of GDP)
SGP,Singapore,2004,187.57201709586334,Percentage of GDP,Imports of goods and services (% of GDP)
SGP,Singapore,2005,195.27084518364256,Percentage of GDP,Imports of goods and services (% of GDP)
SGP,Singapore,2006,197.32578248195705,Percentage of GDP,Imports of goods and services (% of GDP)
SGP,Singapore,2007,181.50907818770685,Percentage of GDP,Imports of goods and services (% of GDP)
SGP,Singapore,2008,208.33294395593808,Percentage of GDP,Imports of goods and services (% of GDP)
SGP,Singapore,2009,167.34787681771422,Percentage of GDP,Imports of goods and services (% of GDP)
SGP,Singapore,2010,171.68659499461893,Percentage of GDP,Imports of goods and services (% of GDP)
SGP,Singapore,2011,175.77092272800107,Percentage of GDP,Imports of goods and services (% of GDP)
SGP,Singapore,2012,172.4933529119059,Percentage of GDP,Imports of goods and services (% of GDP)
SGP,Singapore,2013,171.9639837108761,Percentage of GDP,Imports of goods and services (% of GDP)
SGP,Singapore,2014,168.51378337873192,Percentage of GDP,Imports of goods and services (% of GDP)
SGP,Singapore,2015,151.08679044058,Percentage of GDP,Imports of goods and services (% of GDP)
SGP,Singapore,2016,137.54254828457414,Percentage of GDP,Imports of goods and services (% of GDP)
SGP,Singapore,2017,144.42791789408156,Percentage of GDP,Imports of goods and services (% of GDP)
SGP,Singapore,2018,148.01277052133415,Percentage of GDP,Imports of goods and services (% of GDP)
SGP,Singapore,2019,147.45104630445047,Percentage of GDP,Imports of goods and services (% of GDP)
SGP,Singapore,2020,149.90057820644572,Percentage of GDP,Imports of goods and services (% of GDP)
SGP,Singapore,2021,145.37395486184352,Percentage of GDP,Imports of goods and services (% of GDP)
SGP,Singapore,2022,145.23626095407081,Percentage of GDP,Imports of goods and services (% of GDP)
SGP,Singapore,2023,143.27120708393673,Percentage of GDP,Imports of goods and services (% of GDP)
SGP,Singapore,2024,138.6435226764294,Percentage of GDP,Imports of goods and services (% of GDP)
THA,Thailand,2000,56.45770461278704,Percentage of GDP,Imports of goods and services (% of GDP)
THA,Thailand,2001,57.017276516879974,Percentage of GDP,Imports of goods and services (% of GDP)
THA,Thailand,2002,54.32399042009658,Percentage of GDP,Imports of goods and services (% of GDP)
THA,Thailand,2003,55.17026807167552,Percentage of GDP,Imports of goods and services (% of GDP)
THA,Thailand,2004,61.440016381274155,Percentage of GDP,Imports of goods and services (% of GDP)
THA,Thailand,2005,69.45114993136042,Percentage of GDP,Imports of goods and services (% of GDP)
THA,Thailand,2006,65.41160415796693,Percentage of GDP,Imports of goods and services (% of GDP)
THA,Thailand,2007,61.000951819469186,Percentage of GDP,Imports of goods and services (% of GDP)
THA,Thailand,2008,69.02059343382444,Percentage of GDP,Imports of goods and services (% of GDP)
THA,Thailand,2009,54.83080636282419,Percentage of GDP,Imports of goods and services (% of GDP)
THA,Thailand,2010,60.76434947902716,Percentage of GDP,Imports of goods and services (% of GDP)
THA,Thailand,2011,68.82049784441473,Percentage of GDP,Imports of goods and services (% of GDP)
THA,Thailand,2012,68.72370288044144,Percentage of GDP,Imports of goods and services (% of GDP)
THA,Thailand,2013,65.29113310112041,Percentage of GDP,Imports of goods and services (% of GDP)
THA,Thailand,2014,62.511360283180196,Percentage of GDP,Imports of goods and services (% of GDP)
THA,Thailand,2015,57.20297188193966,Percentage of GDP,Imports of goods and services (% of GDP)
THA,Thailand,2016,53.50434331982873,Percentage of GDP,Imports of goods and services (% of GDP)
THA,Thailand,2017,54.21859496726121,Percentage of GDP,Imports of goods and services (% of GDP)
THA,Thailand,2018,56.00376783165173,Percentage of GDP,Imports of goods and services (% of GDP)
THA,Thailand,2019,50.17062409328011,Percentage of GDP,Imports of goods and services (% of GDP)
THA,Thailand,2020,46.32362297067345,Percentage of GDP,Imports of goods and services (% of GDP)
THA,Thailand,2021,58.710359738576216,Percentage of GDP,Imports of goods and services (% of GDP)
THA,Thailand,2022,67.47962628652805,Percentage of GDP,Imports of goods and services (% of GDP)
THA,Thailand,2023,63.27877141566337,Percentage of GDP,Imports of goods and services (% of GDP)
THA,Thailand,2024,66.05230667193038,Percentage of GDP,Imports of goods and services (% of GDP)
TLS,Timor-Leste,2000,165.03038910205728,Percentage of GDP,Imports of goods and services (% of GDP)
TLS,Timor-Leste,2001,157.77136844301555,Percentage of GDP,Imports of goods and services (% of GDP)
TLS,Timor-Leste,2002,172.59929854906375,Percentage of GDP,Imports of goods and services (% of GDP)
TLS,Timor-Leste,2003,115.44589328216286,Percentage of GDP,Imports of goods and services (% of GDP)
TLS,Timor-Leste,2004,99.85638833682721,Percentage of GDP,Imports of goods and services (% of GDP)
TLS,Timor-Leste,2005,67.53478501648395,Percentage of GDP,Imports of goods and services (% of GDP)
TLS,Timor-Leste,2006,89.6464110020353,Percentage of GDP,Imports of goods and services (% of GDP)
TLS,Timor-Leste,2007,118.76393941437233,Percentage of GDP,Imports of goods and services (% of GDP)
TLS,Timor-Leste,2008,125.90434642625188,Percentage of GDP,Imports of goods and services (% of GDP)
TLS,Timor-Leste,2009,148.52012097871372,Percentage of GDP,Imports of goods and services (% of GDP)
TLS,Timor-Leste,2010,125.83588811230362,Percentage of GDP,Imports of goods and services (% of GDP)
TLS,Timor-Leste,2011,134.36055743377727,Percentage of GDP,Imports of goods and services (% of GDP)
TLS,Timor-Leste,2012,121.37766844311557,Percentage of GDP,Imports of goods and services (% of GDP)
TLS,Timor-Leste,2013,74.04953144861956,Percentage of GDP,Imports of goods and services (% of GDP)
TLS,Timor-Leste,2014,78.16397832674467,Percentage of GDP,Imports of goods and services (% of GDP)
TLS,Timor-Leste,2015,57.02661363792997,Percentage of GDP,Imports of goods and services (% of GDP)
TLS,Timor-Leste,2016,57.15419887756188,Percentage of GDP,Imports of goods and services (% of GDP)
TLS,Timor-Leste,2017,56.225739463671154,Percentage of GDP,Imports of goods and services (% of GDP)
TLS,Timor-Leste,2018,61.88765136197013,Percentage of GDP,Imports of goods and services (% of GDP)
TLS,Timor-Leste,2019,49.39992631917024,Percentage of GDP,Imports of goods and services (% of GDP)
TLS,Timor-Leste,2020,48.0840963587117,Percentage of GDP,Imports of goods and services (% of GDP)
TLS,Timor-Leste,2021,36.347212900062495,Percentage of GDP,Imports of goods and services (% of GDP)
TLS,Timor-Leste,2022,42.00917353391428,Percentage of GDP,Imports of goods and services (% of GDP)
TLS,Timor-Leste,2023,66.38155462784489,Percentage of GDP,Imports of goods and services (% of GDP)
TLS,Timor-Leste,2024,84.89095042800136,Percentage of GDP,Imports of goods and services (% of GDP)
VNM,Vietnam,2000,57.49559741059581,Percentage of GDP,Imports of goods and services (% of GDP)
VNM,Vietnam,2001,56.894004716442105,Percentage of GDP,Imports of goods and services (% of GDP)
VNM,Vietnam,2002,61.957734964405844,Percentage of GDP,Imports of goods and services (% of GDP)
VNM,Vietnam,2003,67.65469652437146,Percentage of GDP,Imports of goods and services (% of GDP)
VNM,Vietnam,2004,73.28545645436155,Percentage of GDP,Imports of goods and services (% of GDP)
VNM,Vietnam,2005,67.0153533748869,Percentage of GDP,Imports of goods and services (% of GDP)
VNM,Vietnam,2006,70.59680754357953,Percentage of GDP,Imports of goods and services (% of GDP)
VNM,Vietnam,2007,84.08750939428235,Percentage of GDP,Imports of goods and services (% of GDP)
VNM,Vietnam,2008,83.98078768748681,Percentage of GDP,Imports of goods and services (% of GDP)
VNM,Vietnam,2009,72.09743365527108,Percentage of GDP,Imports of goods and services (% of GDP)
VNM,Vietnam,2010,59.80184157286273,Percentage of GDP,Imports of goods and services (% of GDP)
VNM,Vietnam,2011,64.08042221963368,Percentage of GDP,Imports of goods and services (% of GDP)
VNM,Vietnam,2012,59.750191842121446,Percentage of GDP,Imports of goods and services (% of GDP)
VNM,Vietnam,2013,64.04590887483158,Percentage of GDP,Imports of goods and services (% of GDP)
VNM,Vietnam,2014,65.81194550415564,Percentage of GDP,Imports of goods and services (% of GDP)
VNM,Vietnam,2015,71.99137635828772,Percentage of GDP,Imports of goods and services (% of GDP)
VNM,Vietnam,2016,71.30222171749978,Percentage of GDP,Imports of goods and services (% of GDP)
VNM,Vietnam,2017,79.21756182330411,Percentage of GDP,Imports of goods and services (% of GDP)
VNM,Vietnam,2018,80.24048069255649,Percentage of GDP,Imports of goods and services (% of GDP)
VNM,Vietnam,2019,79.54662762406684,Percentage of GDP,Imports of goods and services (% of GDP)
VNM,Vietnam,2020,78.86426480597792,Percentage of GDP,Imports of goods and services (% of GDP)
VNM,Vietnam,2021,92.82562570925683,Percentage of GDP,Imports of goods and services (% of GDP)
VNM,Vietnam,2022,89.73349010432486,Percentage of GDP,Imports of goods and services (% of GDP)
VNM,Vietnam,2023,78.25892136835172,Percentage of GDP,Imports of goods and services (% of GDP)
VNM,Vietnam,2024,83.71899087857156,Percentage of GDP,Imports of goods and services (% of GDP)
