region,year,mva,trade
South Asia,2000,11.101397603091357,41.48393745507832
South Asia,2001,11.10167571714075,41.71259501324486
South Asia,2002,10.879032539963594,39.623819062359416
South Asia,2003,10.771638467988584,39.99965276657727
South Asia,2004,11.038571450842348,44.87564431632692
South Asia,2005,11.3379195452947,49.616691911440896
South Asia,2006,11.919584516486342,53.96118138942704
South Asia,2007,12.001707238740932,53.58496603976422
South Asia,2008,12.25803988010701,55.665707461203645
South Asia,2009,12.072643731757115,53.666282496183705
South Asia,2010,12.002032478577986,54.00852473646866
South Asia,2011,11.668561894935433,54.89994544708126
South Asia,2012,11.842894389093829,53.4381101919041
South Asia,2013,11.653619776231261,53.58974460507882
South Asia,2014,11.62269628305295,51.36459788943971
South Asia,2015,11.468337286470042,49.400397407838604
South Asia,2016,11.684024240664288,42.92369057358992
South Asia,2017,11.631543384216679,43.52901498721314
South Asia,2018,12.18802018989248,46.388953082419405
South Asia,2019,11.672726823032846,45.15241565992791
South Asia,2020,11.107783166236,40.699011720536255
South Asia,2021,11.907527701163747,44.16275339249339
South Asia,2022,12.483067538784944,50.41077540540876
South Asia,2023,12.33875957081277,45.816078832581
South Asia,2024,11.96155077695055,43.95852988810395
Southeast Asia,2000,19.232506808525613,154.4700540362779
Southeast Asia,2001,19.834115416543835,149.65415603463853
Southeast Asia,2002,20.491772636554376,149.86071793061748
Southeast Asia,2003,20.297663279885196,145.09627516220183
Southeast Asia,2004,20.603160246488613,151.2201123872573
Southeast Asia,2005,20.10231367310065,149.97699567225428
Southeast Asia,2006,20.18876361294236,152.54132081321453
Southeast Asia,2007,19.396642883529708,148.57172074076522
Southeast Asia,2008,18.632537896765523,154.50802724936977
Southeast Asia,2009,17.916176974450117,137.08517488962764
Southeast Asia,2010,17.630991816554285,138.4321080023741
Southeast Asia,2011,17.260861705295163,141.84779484865274
Southeast Asia,2012,17.022608734000098,139.12952396674805
Southeast Asia,2013,16.62538591060081,132.7685595972716
Southeast Asia,2014,16.782601839560982,130.6056350363757
Southeast Asia,2015,16.71490345607223,119.85538398536094
Southeast Asia,2016,16.508547337869096,114.79318622560113
Southeast Asia,2017,16.684963571017857,117.74237044742726
Southeast Asia,2018,16.901194400624323,121.17036347305849
Southeast Asia,2019,16.6662134861612,119.78979582507156
Southeast Asia,2020,17.167148428005586,119.22745350182022
Southeast Asia,2021,18.137765632012073,134.31913117171416
Southeast Asia,2022,18.20887513413748,139.73100517166162
Southeast Asia,2023,17.24899647866854,131.79280166615288
Southeast Asia,2024,17.251885612028634,133.3179453370488
