iso3,year
AFG,2020
AFG,2021
BGD,2000
BGD,2001
BGD,2002
BGD,2003
BGD,2004
BGD,2005
BGD,2006
BGD,2007
BGD,2008
BGD,2009
BGD,2010
BGD,2011
BGD,2012
BGD,2013
BGD,2014
BGD,2015
BGD,2016
BGD,2017
BGD,2018
BGD,2019
BGD,2020
BGD,2021
BGD,2022
BGD,2023
BGD,2024
BTN,2002
BTN,2003
BTN,2004
BTN,2005
BTN,2006
BTN,2007
BTN,2008
BTN,2009
BTN,2010
BTN,2011
BTN,2012
BTN,2013
BTN,2014
BTN,2015
BTN,2016
BTN,2017
BTN,2018
BTN,2019
BTN,2020
BTN,2021
BTN,2022
BTN,2023
BTN,2024
IDN,2000
IDN,2001
IDN,2002
IDN,2003
IDN,2004
IDN,2005
IDN,2006
IDN,2007
IDN,2008
IDN,2009
IDN,2010
IDN,2011
IDN,2012
IDN,2013
IDN,2014
IDN,2015
IDN,2016
IDN,2017
IDN,2018
IDN,2019
IDN,2020
IDN,2021
IDN,2022
IDN,2023
IDN,2024
IND,2000
IND,2001
IND,2002
IND,2003
IND,2004
IND,2005
IND,2006
IND,2007
IND,2008
IND,2009
IND,2010
IND,2011
IND,2012
IND,2013
IND,2014
IND,2015
IND,2016
IND,2017
IND,2018
IND,2019
IND,2020
IND,2021
IND,2022
IND,2023
IND,2024
KHM,2000
KHM,2001
KHM,2002
KHM,2003
KHM,2004
KHM,2005
KHM,2006
KHM,2007
KHM,2008
KHM,2009
KHM,2010
KHM,2011
KHM,2012
KHM,2013
KHM,2014
KHM,2015
KHM,2016
KHM,2017
KHM,2018
KHM,2019
KHM,2020
KHM,2021
KHM,2022
KHM,2023
KHM,2024
LAO,2000
LAO,2001
LAO,2002
LAO,2003
LAO,2004
LAO,2005
LAO,2006
LAO,2007
LAO,2008
LAO,2009
LAO,2010
LAO,2011
LAO,2012
LAO,2013
LAO,2014
LAO,2015
LAO,2016
LKA,2000
LKA,2001
LKA,2002
LKA,2003
LKA,2004
LKA,2005
LKA,2006
LKA,2007
LKA,2008
LKA,2009
LKA,2015
LKA,2016
LKA,2017
LKA,2018
LKA,2019
LKA,2020
LKA,2021
LKA,2022
LKA,2023
LKA,2024
MYS,2000
MYS,2001
MYS,2002
MYS,2003
MYS,2004
MYS,2005
MYS,2006
MYS,2007
MYS,2008
MYS,2009
MYS,2010
MYS,2011
MYS,2012
MYS,2013
MYS,2014
MYS,2015
MYS,2016
MYS,2017
MYS,2018
MYS,2019
MYS,2020
MYS,2021
MYS,2022
MYS,2023
MYS,2024
NPL,2000
NPL,2001
NPL,2002
NPL,2003
NPL,2004
NPL,2005
NPL,2006
NPL,2007
NPL,2008
NPL,2009
NPL,2010
NPL,2011
NPL,2012
NPL,2013
NPL,2014
NPL,2015
NPL,2016
NPL,2017
NPL,2018
NPL,2019
NPL,2020
NPL,2021
NPL,2022
NPL,2023
NPL,2024
PAK,2000
PAK,2001
PAK,2002
PAK,2003
PAK,2004
PAK,2005
PAK,2006
PAK,2007
PAK,2008
PAK,2009
PAK,2010
PAK,2011
PAK,2012
PAK,2013
PAK,2014
PAK,2015
PAK,2016
PAK,2017
PAK,2018
PAK,2019
PAK,2020
PAK,2021
PAK,2022
PAK,2023
PAK,2024
PHL,2000
PHL,2001
PHL,2002
PHL,2003
PHL,2004
PHL,2005
PHL,2006
PHL,2007
PHL,2008
PHL,2009
PHL,2010
PHL,2011
PHL,2012
PHL,2013
PHL,2014
PHL,2015
PHL,2016
PHL,2017
PHL,2018
PHL,2019
PHL,2020
PHL,2021
PHL,2022
PHL,2023
PHL,2024
THA,2000
THA,2001
THA,2002
THA,2003
THA,2004
THA,2005
THA,2006
THA,2007
THA,2008
THA,2009
THA,2010
THA,2011
THA,2012
THA,2013
THA,2014
THA,2015
THA,2016
THA,2017
THA,2018
THA,2019
THA,2020
THA,2021
THA,2022
THA,2023
THA,2024
TLS,2003
TLS,2005
TLS,2006
TLS,2007
TLS,2008
TLS,2009
TLS,2010
TLS,2011
TLS,2012
TLS,2013
TLS,2014
TLS,2015
TLS,2016
TLS,2017
TLS,2018
TLS,2019
TLS,2020
TLS,2021
TLS,2022
TLS,2023
TLS,2024
VNM,2005
VNM,2006
VNM,2007
VNM,2008
VNM,2009
VNM,2010
VNM,2011
VNM,2012
VNM,2013
VNM,2014
VNM,2015
VNM,2016
VNM,2017
VNM,2018
VNM,2019
VNM,2020
VNM,2021
VNM,2022
VNM,2023
VNM,2024
