iso3,country,n,first,last,missing_years
AFG,Afghanistan,2,2020.0,2021.0,"[2000, 2001, 2002, 2003, 2004, 2005, 2006, 2007, 2008, 2009, 2010, 2011, 2012, 2013, 2014, 2015, 2016, 2017, 2018, 2019, 2022, 2023, 2024]"
BGD,Bangladesh,25,2000.0,2024.0,[]
BTN,Bhutan,23,2002.0,2024.0,"[2000, 2001]"
IND,India,25,2000.0,2024.0,[]
MDV,Maldives,11,2014.0,2024.0,"[2000, 2001, 2002, 2003, 2004, 2005, 2006, 2007, 2008, 2009, 2010, 2011, 2012, 2013]"
NPL,Nepal,25,2000.0,2024.0,[]
PAK,Pakistan,25,2000.0,2024.0,[]
LKA,Sri Lanka,20,2000.0,2024.0,"[2010, 2011, 2012, 2013, 2014]"
BRN,Brunei Darussalam,25,2000.0,2024.0,[]
KHM,Cambodia,25,2000.0,2024.0,[]
IDN,Indonesia,25,2000.0,2024.0,[]
LAO,Lao PDR,17,2000.0,2016.0,"[2017, 2018, 2019, 2020, 2021, 2022, 2023, 2024]"
MYS,Malaysia,25,2000.0,2024.0,[]
MMR,Myanmar,0,,,"[2000, 2001, 2002, 2003, 2004, 2005, 2006, 2007, 2008, 2009, 2010, 2011, 2012, 2013, 2014, 2015, 2016, 2017, 2018, 2019, 2020, 2021, 2022, 2023, 2024]"
PHL,Philippines,25,2000.0,2024.0,[]
SGP,Singapore,25,2000.0,2024.0,[]
THA,Thailand,25,2000.0,2024.0,[]
TLS,Timor-Leste,21,2003.0,2024.0,"[2000, 2001, 2002, 2004]"
VNM,Vietnam,20,2005.0,2024.0,"[2000, 2001, 2002, 2003, 2004]"
