excluded,b,se,p,lo,hi
AFG,0.0727147446954934,0.018180109081159083,0.0010327043449734872,0.03417463511392389,0.1112548542770629
BGD,0.07304765962613063,0.018672966219101417,0.0012421165110008594,0.033462739586078157,0.11263257966618312
BRN,0.0495461732841176,0.016942019533820296,0.009923958144299857,0.013630696294862028,0.08546165027337319
BTN,0.07363104827203394,0.018728756691945722,0.0011921539205881036,0.033927857712952765,0.11333423883111512
IDN,0.06852488707032754,0.016832745497354654,0.0008891678076944513,0.03284106069004278,0.1042087134506123
IND,0.07461200746885875,0.01858018005695065,0.0009985698360113777,0.03522378530564409,0.11400022963207342
KHM,0.06671720406967625,0.01659527435329841,0.0009890133769088314,0.03153679402608845,0.10189761411326406
LAO,0.07487156801562203,0.018792971602983044,0.0010672931790684655,0.03503224792634381,0.11471088810490025
LKA,0.07691609282179752,0.018342429452452826,0.0006880070523086238,0.03803187942495086,0.11580030621864419
MDV,0.07387591283438293,0.018480181237466874,0.0010372997231436613,0.034699678698507784,0.11305214697025806
MYS,0.06885797447607528,0.021336495863618844,0.005267274020919307,0.023626623827977415,0.11408932512417314
NPL,0.07341265148227795,0.01789629389627704,0.0008328535934947577,0.03547420321513935,0.11135109974941655
PAK,0.07084279116789628,0.01924171008081599,0.002018776177733946,0.03005218800149552,0.11163339433429705
PHL,0.07257643151602362,0.017630116887789666,0.0008079119779745189,0.03520225329970826,0.10995060973233899
SGP,0.07887223408165264,0.022758229860524507,0.0031864661731009635,0.03062694199943146,0.12711752616387384
THA,0.0742923812980682,0.017462317775871556,0.0006055533173505086,0.03727392130831266,0.11131084128782373
TLS,0.08520158040359274,0.016799527289819666,0.0001132886779816328,0.04958817347749203,0.12081498732969345
VNM,0.06922694055860205,0.0205132744911235,0.003860526752254436,0.02574074126048926,0.11271313985671486
