iso3,mva,trade,fdi,gcf,gdppc,mva_growth,exports,imports
AFG,23,5,22,5,25,22,5,5
BGD,25,25,25,25,25,25,25,25
BRN,25,25,25,25,25,25,25,25
BTN,25,25,23,25,25,25,25,25
IDN,25,25,25,25,25,25,25,25
IND,25,25,25,25,25,25,25,25
KHM,25,25,25,25,25,25,25,25
LAO,25,17,25,17,25,24,17,17
LKA,25,20,25,20,25,25,20,20
MDV,22,11,25,11,25,25,11,11
MMR,15,0,25,0,25,14,0,0
MYS,25,25,25,25,25,25,25,25
NPL,25,25,25,25,25,25,25,25
PAK,25,25,25,25,25,25,25,25
PHL,25,25,25,25,25,24,25,25
SGP,25,25,25,25,25,25,25,25
THA,25,25,25,25,25,25,25,25
TLS,25,25,21,25,25,24,25,25
VNM,20,25,25,25,25,25,25,25
