a,b,T,r
BGD,BRN,25,0.7211748865221151
BGD,BTN,23,0.31326877479968285
BGD,IDN,25,-0.8292376435936913
BGD,IND,25,-0.8212975875326984
BGD,KHM,25,0.904529140221813
BGD,LAO,17,-0.41213670261778457
BGD,LKA,20,0.40798958000342794
BGD,MDV,11,-0.042348561478024245
BGD,MYS,25,-0.4152006525546067
BGD,NPL,25,-0.9047342585644955
BGD,PAK,25,0.35232281053512804
BGD,PHL,25,-0.9332740504177802
BGD,SGP,25,-0.15401131669288431
BGD,THA,25,-0.7502568733495124
BGD,TLS,21,0.3603915742445102
BGD,VNM,20,0.5992632357728095
BRN,BTN,23,0.13612056260028632
BRN,IDN,25,-0.6163489849300534
BRN,IND,25,-0.7783862929473361
BRN,KHM,25,0.6321089757262283
BRN,LAO,17,-0.21247955004697064
BRN,LKA,20,0.45394308809963363
BRN,MDV,11,-0.357223003911187
BRN,MYS,25,-0.02550864092123807
BRN,NPL,25,-0.6126941917888344
BRN,PAK,25,0.1317214808128731
BRN,PHL,25,-0.8247087397642052
BRN,SGP,25,0.009112012876011152
BRN,THA,25,-0.7504314891649356
BRN,TLS,21,0.04771481539694824
BRN,VNM,20,0.3948241840836658
BTN,IDN,23,-0.47665041061865754
BTN,IND,23,-0.32608534776212494
BTN,KHM,23,0.3700112723898321
BTN,LAO,15,-0.45322582276467316
BTN,LKA,18,-0.04821803941441923
BTN,MDV,11,-0.6634819161229043
BTN,MYS,23,0.03751922870845568
BTN,NPL,23,-0.2910160075338633
BTN,PAK,23,0.3384923188800613
BTN,PHL,23,-0.2172395136386262
BTN,SGP,23,-0.19505939918922874
BTN,THA,23,-0.32640871579544656
BTN,TLS,21,0.1653000405047045
BTN,VNM,20,0.523918230200358
IDN,IND,25,0.6640422139287302
IDN,KHM,25,-0.8222929658667988
IDN,LAO,17,0.5174557552578009
IDN,LKA,20,-0.28124740691193634
IDN,MDV,11,0.3848832903506726
IDN,MYS,25,0.1881554829847249
IDN,NPL,25,0.7212369663394868
IDN,PAK,25,-0.4905936322218271
IDN,PHL,25,0.745640134030074
IDN,SGP,25,0.11507621355986045
IDN,THA,25,0.625260490188072
IDN,TLS,21,-0.410642468566967
IDN,VNM,20,-0.8385213638451603
IND,KHM,25,-0.8170410265194988
IND,LAO,17,0.5583948513591803
IND,LKA,20,-0.44003882841844444
IND,MDV,11,0.29721173869894973
IND,MYS,25,0.12454664598901512
IND,NPL,25,0.8165123065731542
IND,PAK,25,-0.1580235146822125
IND,PHL,25,0.9188312188385585
IND,SGP,25,0.008294126427226147
IND,THA,25,0.8745908435982044
IND,TLS,21,-0.36400275417392286
IND,VNM,20,-0.7126836337023731
KHM,LAO,17,-0.4635997745751523
KHM,LKA,20,0.575311569979775
KHM,MDV,11,-0.35471928321420193
KHM,MYS,25,-0.4586592884143048
KHM,NPL,25,-0.8643919291872917
KHM,PAK,25,0.5801259216111004
KHM,PHL,25,-0.891968052391667
KHM,SGP,25,-0.3550190596686347
KHM,THA,25,-0.7279555143640402
KHM,TLS,21,0.3685253204911713
KHM,VNM,20,0.7828412889824136
LAO,LKA,12,0.18346690207341926
LAO,MYS,17,-0.17902188953300194
LAO,NPL,17,0.34782399512053336
LAO,PAK,17,-0.26591536795061294
LAO,PHL,17,0.4005266063987476
LAO,SGP,17,0.10173327171400412
LAO,THA,17,0.7473776789705018
LAO,TLS,13,-0.8306986003127615
LAO,VNM,12,-0.7536274271824099
LKA,MDV,10,-0.5951891607508877
LKA,MYS,20,-0.5532623912507038
LKA,NPL,20,-0.44930479362439807
LKA,PAK,20,0.6559693831866702
LKA,PHL,20,-0.5218759314767623
LKA,SGP,20,-0.6175112741241697
LKA,THA,20,-0.22308752071507817
LKA,TLS,16,-0.5360836799612575
LKA,VNM,15,-0.14922305865452998
MDV,MYS,11,0.0001942093782977955
MDV,NPL,11,-0.3370392296261549
MDV,PAK,11,-0.7090741728244523
MDV,PHL,11,0.1712482438338794
MDV,SGP,11,0.38824072223966527
MDV,THA,11,0.39498163809498077
MDV,TLS,11,0.21586921719240043
MDV,VNM,11,0.1365445526529802
MYS,NPL,25,0.409409177845435
MYS,PAK,25,-0.4986087155047778
MYS,PHL,25,0.31539732654794206
MYS,SGP,25,0.424637641131632
MYS,THA,25,0.04809276491126299
MYS,TLS,21,-0.03954361656926295
MYS,VNM,20,0.5842207643247347
NPL,PAK,25,-0.2005565228853268
NPL,PHL,25,0.9173619272647239
NPL,SGP,25,0.03516570724159501
NPL,THA,25,0.6570399839919439
NPL,TLS,21,-0.39803175691752635
NPL,VNM,20,-0.5768235826055075
PAK,PHL,25,-0.21929988769327782
PAK,SGP,25,-0.8225436218329168
PAK,THA,25,-0.16017853489953643
PAK,TLS,21,-0.09555272364641515
PAK,VNM,20,0.2578287805647441
PHL,SGP,25,0.03999873059204863
PHL,THA,25,0.8184062179741793
PHL,TLS,21,-0.32442316899112333
PHL,VNM,20,-0.5784375996225213
SGP,THA,25,0.0015798513206294429
SGP,TLS,21,0.23204006341708494
SGP,VNM,20,0.06715089270041825
THA,TLS,21,-0.5278780368712324
THA,VNM,20,-0.7543756391699844
TLS,VNM,20,0.4903926998392487
